{
    "Doors": {
        "cereal_class_version": 0,
        "doors": [
            {
                "cereal_class_version": 0,
                "body": {
                    "cereal_class_version": 0,
                    "pos": {
                        "cereal_class_version": 0,
                        "x": 212.5,
                        "y": -28.0,
                        "z": 0.0
                    },
                    "offset": {
                        "x": 0.5,
                        "y": 1.6799999475479127,
                        "z": 0.0
                    },
                    "size": {
                        "x": 1.0,
                        "y": 1.6799999475479127,
                        "z": 0.5
                    },
                    "exist": true
                },
                "triggerArea": {
                    "pos": {
                        "x": 212.5,
                        "y": -28.0,
                        "z": 0.0
                    },
                    "offset": {
                        "x": 0.25,
                        "y": 1.6799999475479127,
                        "z": 0.0
                    },
                    "size": {
                        "x": 1.0,
                        "y": 1.6799999475479127,
                        "z": 0.49000000953674319
                    },
                    "exist": true
                },
                "passDirection": 8,
                "orientation": {
                    "cereal_class_version": 0,
                    "x": 0.0,
                    "y": 0.0,
                    "z": 0.0,
                    "w": 1.0
                }
            },
            {
                "body": {
                    "pos": {
                        "x": 190.5,
                        "y": -30.0,
                        "z": 0.0
                    },
                    "offset": {
                        "x": 0.5,
                        "y": 1.6799999475479127,
                        "z": 0.0
                    },
                    "size": {
                        "x": 1.0,
                        "y": 1.6799999475479127,
                        "z": 0.5
                    },
                    "exist": true
                },
                "triggerArea": {
                    "pos": {
                        "x": 190.5,
                        "y": -30.0,
                        "z": 0.0
                    },
                    "offset": {
                        "x": 0.25,
                        "y": 1.6799999475479127,
                        "z": 0.0
                    },
                    "size": {
                        "x": 1.0,
                        "y": 1.6799999475479127,
                        "z": 0.49000000953674319
                    },
                    "exist": true
                },
                "passDirection": 8,
                "orientation": {
                    "x": 0.0,
                    "y": 0.0,
                    "z": 0.0,
                    "w": 1.0
                }
            }
        ]
    }
}