{
    "Item": {
        "cereal_class_version": 0,
        "items": [
            {
                "cereal_class_version": 0,
                "value0": {
                    "cereal_class_version": 1,
                    "body": {
                        "cereal_class_version": 0,
                        "pos": {
                            "cereal_class_version": 0,
                            "x": 100.0,
                            "y": -16.509000778198243,
                            "z": 0.0
                        },
                        "offset": {
                            "x": 0.0,
                            "y": 0.0,
                            "z": 0.0
                        },
                        "size": {
                            "x": 0.49000000953674319,
                            "y": 0.49000000953674319,
                            "z": 0.49000000953674319
                        },
                        "exist": true
                    },
                    "orientation": {
                        "cereal_class_version": 0,
                        "x": 0.0,
                        "y": 0.0,
                        "z": 0.0,
                        "w": 1.0
                    }
                },
                "initializer": {
                    "cereal_class_version": 0,
                    "kind": 0,
                    "aliveSecond": -1.0,
                    "wsPos": {
                        "x": 100.5,
                        "y": -16.5,
                        "z": 0.0
                    }
                }
            },
            {
                "value0": {
                    "body": {
                        "pos": {
                            "x": 185.5,
                            "y": -23.64900016784668,
                            "z": 0.0
                        },
                        "offset": {
                            "x": 0.0,
                            "y": 0.0,
                            "z": 0.0
                        },
                        "size": {
                            "x": 0.3499999940395355,
                            "y": 0.3499999940395355,
                            "z": 0.30000001192092898
                        },
                        "exist": true
                    },
                    "orientation": {
                        "x": 0.0,
                        "y": 0.0,
                        "z": 0.0,
                        "w": 1.0
                    }
                },
                "initializer": {
                    "kind": 2,
                    "aliveSecond": -1.0,
                    "wsPos": {
                        "x": 185.5,
                        "y": -23.5,
                        "z": 0.0
                    }
                }
            },
            {
                "value0": {
                    "body": {
                        "pos": {
                            "x": 186.5,
                            "y": -23.64900016784668,
                            "z": 0.0
                        },
                        "offset": {
                            "x": 0.0,
                            "y": 0.0,
                            "z": 0.0
                        },
                        "size": {
                            "x": 0.3499999940395355,
                            "y": 0.3499999940395355,
                            "z": 0.30000001192092898
                        },
                        "exist": true
                    },
                    "orientation": {
                        "x": 0.0,
                        "y": 0.0,
                        "z": 0.0,
                        "w": 1.0
                    }
                },
                "initializer": {
                    "kind": 2,
                    "aliveSecond": -1.0,
                    "wsPos": {
                        "x": 186.5,
                        "y": -23.5,
                        "z": 0.0
                    }
                }
            },
            {
                "value0": {
                    "body": {
                        "pos": {
                            "x": 187.5,
                            "y": -23.64900016784668,
                            "z": 0.0
                        },
                        "offset": {
                            "x": 0.0,
                            "y": 0.0,
                            "z": 0.0
                        },
                        "size": {
                            "x": 0.3499999940395355,
                            "y": 0.3499999940395355,
                            "z": 0.30000001192092898
                        },
                        "exist": true
                    },
                    "orientation": {
                        "x": 0.0,
                        "y": 0.0,
                        "z": 0.0,
                        "w": 1.0
                    }
                },
                "initializer": {
                    "kind": 2,
                    "aliveSecond": -1.0,
                    "wsPos": {
                        "x": 187.5,
                        "y": -23.5,
                        "z": 0.0
                    }
                }
            },
            {
                "value0": {
                    "body": {
                        "pos": {
                            "x": 188.5,
                            "y": -23.64900016784668,
                            "z": 0.0
                        },
                        "offset": {
                            "x": 0.0,
                            "y": 0.0,
                            "z": 0.0
                        },
                        "size": {
                            "x": 0.3499999940395355,
                            "y": 0.3499999940395355,
                            "z": 0.30000001192092898
                        },
                        "exist": true
                    },
                    "orientation": {
                        "x": 0.0,
                        "y": 0.0,
                        "z": 0.0,
                        "w": 1.0
                    }
                },
                "initializer": {
                    "kind": 2,
                    "aliveSecond": -1.0,
                    "wsPos": {
                        "x": 188.5,
                        "y": -23.5,
                        "z": 0.0
                    }
                }
            },
            {
                "value0": {
                    "body": {
                        "pos": {
                            "x": 189.5,
                            "y": -23.64900016784668,
                            "z": 0.0
                        },
                        "offset": {
                            "x": 0.0,
                            "y": 0.0,
                            "z": 0.0
                        },
                        "size": {
                            "x": 0.3499999940395355,
                            "y": 0.3499999940395355,
                            "z": 0.30000001192092898
                        },
                        "exist": true
                    },
                    "orientation": {
                        "x": 0.0,
                        "y": 0.0,
                        "z": 0.0,
                        "w": 1.0
                    }
                },
                "initializer": {
                    "kind": 2,
                    "aliveSecond": -1.0,
                    "wsPos": {
                        "x": 189.5,
                        "y": -23.5,
                        "z": 0.0
                    }
                }
            },
            {
                "value0": {
                    "body": {
                        "pos": {
                            "x": 105.5,
                            "y": -26.64900016784668,
                            "z": 0.0
                        },