{
    "ShoryukenCollision": {
        "cereal_class_version": 0,
        "basic": {
            "cereal_class_version": 1,
            "hitBoxOffset": {
                "cereal_class_version": 0,
                "x": 0.0,
                "y": 0.5,
                "z": 0.009999999776482582
            },
            "hitBoxSize": {
                "x": 0.46000000834465029,
                "y": 1.100000023841858,
                "z": 0.699999988079071
            },
            "damage": {
                "cereal_class_version": 0,
                "amount": 14,
                "type": 6
            },
            "animePlaySpeed": 1.0
        }
    }
}