{
    "Item": {
        "cereal_class_version": 1,
        "extraLife": {
            "cereal_class_version": 2,
            "gravity": 35.0,
            "body": {
                "cereal_class_version": 0,
                "pos": {
                    "cereal_class_version": 0,
                    "x": 0.0,
                    "y": 0.0,
                    "z": 0.0
                },
                "offset": {
                    "x": 0.0,
                    "y": 0.49000000953674319,
                    "z": 0.0
                },
                "size": {
                    "x": 0.49000000953674319,
                    "y": 0.49000000953674319,
                    "z": 0.49000000953674319
                },
                "exist": true
            },
            "catchArea": {
                "pos": {
                    "x": 0.0,
                    "y": 0.0,
                    "z": 0.0
                },
                "offset": {
                    "x": 0.0,
                    "y": 0.49000000953674319,
                    "z": 0.0
                },
                "size": {
                    "x": 0.550000011920929,
                    "y": 0.550000011920929,
                    "z": 0.5
                },
                "exist": true
            },
            "animePlaySpeed": 1.0,
            "dropBoundStrength": 7.0
        },
        "lifeEnergyBig": {
            "cereal_class_version": 0,
            "recoveryAmount": 10,
            "general": {
                "gravity": 35.0,
                "body": {
                    "pos": {
                        "x": 0.0,
                        "y": 0.0,
                        "z": 0.0
                    },
                    "offset": {
                        "x": 0.0,
                        "y": 0.49000000953674319,
                        "z": 0.0
                    },
                    "size": {
                        "x": 0.49000000953674319,
                        "y": 0.49000000953674319,
                        "z": 0.49000000953674319
                    },
                    "exist": true
                },
                "catchArea": {
                    "pos": {
                        "x": 0.0,
                        "y": 0.0,
                        "z": 0.0
                    },
                    "offset": {
                        "x": 0.0,
                        "y": 0.5,
                        "z": 0.0
                    },
                    "size": {
                        "x": 0.550000011920929,
                        "y": 0.6000000238418579,
                        "z": 0.5
                    },
                    "exist": true
                },
                "animePlaySpeed": 1.0,
                "dropBoundStrength": 7.0
            }
        },
        "lifeEnergySmall": {
            "recoveryAmount": 1,
            "general": {
                "gravity": 35.0,
                "body": {
                    "pos": {
                        "x": 0.0,
                        "y": 0.0,
                        "z": 0.0
                    },
                    "offset": {
                        "x": 0.0,
                        "y": 0.3499999940395355,
                        "z": 0.0
                    },
                    "size": {
                        "x": 0.3499999940395355,
                        "y": 0.3499999940395355,
                        "z": 0.30000001192092898
                    },
                    "exist": true
                },
                "catchArea": {
                    "pos": {
                        "x": 0.0,
                        "y": 0.0,
                        "z": 0.0
                    },
                    "offset": {
                        "x": 0.0,
                        "y": 0.3499999940395355,
                        "z": 0.0
                    },
                    "size": {
                        "x": 0.4000000059604645,
                        "y": 0.4000000059604645,
                        "z": 0.30000001192092898
                    },
                    "exist": true
                },
                "animePlaySpeed": 1.0,
                "dropBoundStrength": 7.0
            }
        },
        "disappearSecond": 10.0,
        "dropPercents": [
            10,
            20,
            30,
            40
        ]
    }
}