{
    "Player": {
        "cereal_class_version": 15,
        "moveSpeed": 5.0,
        "jumpStrength": 18.5,
        "gravityResistance": 1.0,
        "resistableSeconds": 0.07999999821186066,
        "maxFallSpeed": 20.0,
        "hitBox": {
            "cereal_class_version": 0,
            "pos": {
                "cereal_class_version": 0,
                "x": 0.0,
                "y": 0.0,
                "z": 0.0
            },
            "offset": {
                "x": 0.0,
                "y": 0.7200000286102295,
                "z": 0.0
            },
            "size": {
                "x": 0.4699999988079071,
                "y": 0.7200000286102295,
                "z": 0.20000000298023225
            },
            "exist": true
        },
        "hurtBox": {
            "pos": {
                "x": 0.0,
                "y": 0.0,
                "z": 0.0
            },
            "offset": {
                "x": 0.0,
                "y": 0.699999988079071,
                "z": 0.0
            },
            "size": {
                "x": 0.4000000059604645,
                "y": 0.6700000166893005,
                "z": 0.18000000715255738
            },
            "exist": true
        },
        "fireParam": {
            "cereal_class_version": 2,
            "initialSpeed": 24.0,
            "direction": {
                "x": 1.0,
                "y": 0.0,
                "z": 0.0
            },
            "position": {
                "x": 0.0,
                "y": 0.10000000149011612,
                "z": 0.800000011920929
            },
            "kind": 0,
            "pAdditionalDamage": {
                "ptr_wrapper": {
                    "id": 0
                }
            }
        },
        "maxBusterCount": 3,
        "maxHP": 28,
        "knockBackSeconds": 0.5,
        "knockBackSpeed": 2.0,
        "invincibleSeconds": 1.7000000476837159,
        "flushingInterval": 0.10000000149011612,
        "slideMoveSpeed": 9.600000381469727,
        "slideMoveSeconds": 0.41600000858306887,
        "slideHitBox": {
            "pos": {
                "x": 0.0,
                "y": 0.0,
                "z": 0.0
            },
            "offset": {
                "x": 0.0,
                "y": 0.4699999988079071,
                "z": 0.0
            },
            "size": {
                "x": 0.4699999988079071,
                "y": 0.4699999988079071,
                "z": 0.20000000298023225
            },
            "exist": true
        },
        "slideHurtBox": {
            "pos": {
                "x": 0.0,
                "y": 0.0,
                "z": 0.0
            },
            "offset": {
                "x": 0.0,
                "y": 0.4000000059604645,
                "z": 0.0
            },
            "size": {
                "x": 0.4000000059604645,
                "y": 0.4000000059604645,
                "z": 0.18000000715255738
            },
            "exist": true
        },
        "maxRemainCount": 9,
        "initialRemainCount": 2,
        "ladderMoveSpeed": 6.0,
        "ladderShotLagSecond": 0.11999999731779099,
        "ladderGrabArea": {
            "pos": {
                "x": 0.0,
                "y": 0.0,
                "z": 0.0
            },
            "offset": {
                "x": 0.0,
                "y": 0.5,
                "z": 0.0
            },
            "size": {
                "x": 0.10000000149011612,
                "y": 0.3499999940395355,
                "z": 0.25
            },
            "exist": true
        },
        "animePlaySpeeds": [
            1.0,
            1.7999999523162842,
            3.0,
            1.6100000143051148,
            2.200000047683716,
            1.4500000476837159,
            3.0,
            1.0,
            1.0,
            1.0,
            1.5,
            1.2000000476837159,
            1.0
        ],
        "normalLeftArm": {
            "cereal_class_version": 0,
            "motionName": "Shot",
            "applyRootBoneNames": [
                "Arm_L"
            ],
            "rootTranslationBlendPercent": {
                "x": 1.0,
                "y": 0.0,
                "z": 0.5
            }
        },
        "ladderLeftArm": {
            "motionName": "LadderShot_L",
            "applyRootBoneNames": [
                "Arm_L",
                "Head"
            ],
            "rootTranslationBlendPercent": {
                "x": 1.0,
                "y": 0.0,
                "z": 0.5
            }
        },
        "ladderRightArm": {
            "motionName": "LadderShot_R",
            "applyRootBoneNames": [
                "Arm_R",
                "Attach_Cannon",
                "Head"
            ],
            "rootTranslationBlendPercent": {
                "x": 1.0,
                "y": 1.0,
                "z": 1.0
            }
        },
        "chargeParams": [
            {
                "cereal_class_version": 0,
                "chargeSecond": 0.0,
                "emissiveCycleSecond": 1.0,
                "emissiveMinBias": 0.0,
                "emissiveEaseKind": 0,
                "emissiveEaseType": 1,
                "emissiveColor": {
                    "x": 0.0,
                    "y": 0.0,
                    "z": 0.0
                }
            },
            {
                "chargeSecond": 0.4000000059604645,
                "emissiveCycleSecond": 0.5,
                "emissiveMinBias": 0.4000000059604645,
                "emissiveEaseKind": 10,
                "emissiveEaseType": 0,
                "emissiveColor": {
                    "x": 2.007843255996704,
                    "y": 0.6274510025978088,
                    "z": 0.0
                }
            },
            {
                "chargeSecond": 1.2999999523162842,
                "emissiveCycleSecond": 0.4000000059604645,
                "emissiveMinBias": 0.5,
                "emissiveEaseKind": 10,
                "emissiveEaseType": 0,
                "emissiveColor": {
                    "x": 0.501960813999176,
                    "y": 1.8823529481887818,
                    "z": 0.8784313797950745
                }
            }
        ],
        "shieldThrowSpeed": 16.0,
        "shieldPosOffset": {
            "x": 0.0,
            "y": 0.0,
            "z": 0.0
        },
        "jumpBufferSecond": 0.20000000298023225,
        "appearDelaySecond": 0.5,
        "braceStandFactor": 2.0,
        "emissiveTransFactor": 0.30000001192092898,
        "leaveDelaySecond": 0.10000000149011612,
        "themeColors": [
            {
                "x": 0.5882353186607361,
                "y": 0.8901960849761963,
                "z": 0.686274528503418
            },
            {
                "x": 0.6627451181411743,
                "y": 0.8135178089141846,
                "z": 1.0
            }
        ],
        "jumpCancelledVSpeedMax": 4.0,
        "gravityRising": 45.0,
        "gravityRisingAccel": 120.0,
        "gravityFalling": 35.0,
        "gravityFallingAccel": 90.0,
        "gravityMax": 80.0
    }
}