{
    "Sky": {
        "cereal_class_version": 0,
        "radians": {
            "cereal_class_version": 0,
            "x": 0.20943951606750489,
            "y": 0.0,
            "z": 0.0
        },
        "scale": {
            "x": 1.0,
            "y": 1.0,
            "z": 1.0
        },
        "upperLimit": {
            "x": 0.8700000047683716,
            "y": 0.8999999761581421,
            "z": 1.0
        },
        "lowerLimit": {
            "x": 0.2199999988079071,
            "y": 0.20000000298023225,
            "z": 0.30000001192092898
        },
        "magnification": {
            "x": 3.0,
            "y": 2.0,
            "z": 1.5
        }
    }
}