{
    "Item": {
        "cereal_class_version": 0,
        "items": [
            {
                "cereal_class_version": 0,
                "value0": {
                    "cereal_class_version": 1,
                    "body": {
                        "cereal_class_version": 0,
                        "pos": {
                            "cereal_class_version": 0,
                            "x": 68.5,
                            "y": -8.5,
                            "z": 0.0
                        },
                        "offset": {
                            "x": 0.0,
                            "y": 0.3499999940395355,
                            "z": 0.0
                        },
                        "size": {
                            "x": 0.3499999940395355,
                            "y": 0.3499999940395355,
                            "z": 0.30000001192092898
                        },
                        "exist": true
                    },
                    "orientation": {
                        "cereal_class_version": 0,
                        "x": 0.0,
                        "y": 0.0,
                        "z": 0.0,
                        "w": 1.0
                    }
                },
                "initializer": {
                    "cereal_class_version": 0,
                    "kind": 2,
                    "aliveSecond": -1.0,
                    "wsPos": {
                        "x": 68.5,
                        "y": -8.5,
                        "z": 0.0
                    }
                }
            },
            {
                "value0": {
                    "body": {
                        "pos": {
                            "x": 69.5,
                            "y": -8.5,
                            "z": 0.0
                        },
                        "offset": {
                            "x": 0.0,
                            "y": 0.3499999940395355,
                            "z": 0.0
                        },
                        "size": {
                            "x": 0.3499999940395355,
                            "y": 0.3499999940395355,
                            "z": 0.30000001192092898
                        },
                        "exist": true
                    },
                    "orientation": {
                        "x": 0.0,
                        "y": 0.0,
                        "z": 0.0,
                        "w": 1.0
                    }
                },
                "initializer": {
                    "kind": 2,
                    "aliveSecond": -1.0,
                    "wsPos": {
                        "x": 69.5,
                        "y": -8.5,
                        "z": 0.0
                    }
                }
            },
            {
                "value0": {
                    "body": {
                        "pos": {
                            "x": 70.5,
                            "y": -8.5,
                            "z": 0.0
                        },
                        "offset": {
                            "x": 0.0,
                            "y": 0.3499999940395355,
                            "z": 0.0
                        },
                        "size": {
                            "x": 0.3499999940395355,
                            "y": 0.3499999940395355,
                            "z": 0.30000001192092898
                        },
                        "exist": true
                    },
                    "orientation": {
                        "x": 0.0,
                        "y": 0.0,
                        "z": 0.0,
                        "w": 1.0
                    }
                },
                "initializer": {
                    "kind": 2,
                    "aliveSecond": -1.0,
                    "wsPos": {
                        "x": 70.5,
                        "y": -8.5,
                        "z": 0.0
                    }
                }
            },
            {
                "value0": {
                    "body": {
                        "pos": {
                            "x": 67.5,
                            "y": -13.5,
                            "z": 0.0
                        },
                        "offset": {
                            "x": 0.0,
                            "y": 0.49000000953674319,
                            "z": 0.0
                        },
                        "size": {
                            "x": 0.49000000953674319,
                            "y": 0.49000000953674319,
                            "z": 0.49000000953674319
                        },
                        "exist": true
                    },
                    "orientation": {
                        "x": 0.0,
                        "y": 0.0,
                        "z": 0.0,
                        "w": 1.0
                    }
                },
                "initializer": {
                    "kind": 1,
                    "aliveSecond": -1.0,
                    "wsPos": {
                        "x": 67.5,
                        "y": -13.5,
                        "z": 0.0
                    }
                }
            }
        ]
    }
}