{
    "SuperBallMachine": {
        "cereal_class_version": 4,
        "basic": {
            "cereal_class_version": 0,
            "hp": 4,
            "touchDamage": {
                "cereal_class_version": 0,
                "amount": 6,
                "type": 0
            },
            "hitBoxOffset": {
                "cereal_class_version": 0,
                "x": 0.0,
                "y": 1.0,
                "z": -0.20000000298023225
            },
            "hurtBoxOffset": {
                "x": 0.0,
                "y": 1.0,
                "z": -0.20000000298023225
            },
            "hitBoxSize": {
                "x": 0.9900000095367432,
                "y": 0.9900000095367432,
                "z": 0.9900000095367432
            },
            "hurtBoxSize": {
                "x": 1.0,
                "y": 1.0,
                "z": 1.0
            }
        },
        "capturingArea": {
            "x": 128.0,
            "y": 0.800000011920929,
            "z": 128.0
        },
        "fireIntervalSecond": 1.2999999523162842,
        "fireDegree": 45.0,
        "fireDesc": {
            "cereal_class_version": 2,
            "initialSpeed": 10.5,
            "direction": {
                "x": 1.0,
                "y": 0.0,
                "z": 0.0
            },
            "position": {
                "x": 0.0,
                "y": 0.5,
                "z": 0.5
            },
            "kind": 3,
            "pAdditionalDamage": {
                "ptr_wrapper": {
                    "id": 0
                }
            }
        },
        "gravity": 60.0,
        "animePlaySpeeds": [
            1.0,
            0.8500000238418579,
            1.0
        ],
        "initialTimerSecond": 0.30000001192092898,
        "prepareSecond": 0.6000000238418579
    }
}